,x,y,z
0,-16.70924,68.009659,7.994206
1,-7.628133,68.009659,17.686089
2,-7.445113,68.009659,3.415041
3,-28.076458,62.509659,6.001571
4,-25.202274,62.509659,16.700949
5,-25.16811,62.509659,-4.526842
6,-14.005321,62.509659,-8.014234
7,-12.776411,62.509659,27.409548
8,-3.418761,62.509659,-12.73105
9,-1.819473,62.509659,27.658981
10,-0.807605,62.509659,9.33467
11,0.217593,62.509659,-1.231946
12,-38.961617,56.509659,1.742897
13,-36.4216,56.509659,14.6458
14,-33.536835,56.509659,-6.706738
15,-27.388687,56.509659,27.111109
16,-23.234955,56.509659,-8.160913
17,-15.929064,56.509659,33.026772
18,-12.084476,56.509659,-12.368985
19,-5.505953,56.509659,34.078102
20,-2.282183,56.509659,-14.88623
21,-0.585825,56.509659,-1.330102
22,-0.357113,56.509659,11.325187
23,-0.094272,56.509659,25.546251
24,-46.366562,48.509659,7.271906
25,-43.368721,48.509659,-2.308579
26,-42.438866,48.509659,20.816391
27,-34.322704,48.509659,28.31353
28,-32.74408,48.509659,-8.757392
29,-20.942671,48.509659,-10.550756
30,-20.385586,48.509659,37.77515
31,-11.2872,48.509659,-15.626745
32,-5.703813,48.509659,43.011154
33,-1.255839,48.509659,-14.639147
34,-0.920849,48.509659,14.854255
35,-0.862032,48.509659,-0.022938
36,0.425373,48.509659,28.173901
37,-50.700382,40.509659,5.338767
38,-47.583611,40.509659,-4.236084
39,-46.468658,40.509659,21.295992
40,-40.840378,40.509659,30.47374
41,-38.879299,40.509659,-11.199733
42,-31.211308,40.509659,36.861633
43,-25.739843,40.509659,-12.679211
44,-21.654448,40.509659,44.927147
45,-14.896692,40.509659,-16.740192
46,-12.811872,40.509659,49.931381
47,-4.339721,40.509659,-18.355633
48,-1.953077,40.509659,49.833508
49,-0.682956,40.509659,-6.444672
50,-0.427241,40.509659,39.735126
51,-0.368567,40.509659,16.00572
52,0.733129,40.509659,4.496123
53,0.886006,40.509659,29.466841
54,-53.849758,31.509659,8.209647
55,-51.795177,31.509659,-1.915584
56,-49.042168,31.509659,22.941017
57,-45.300823,31.509659,-10.314694
58,-44.365295,31.509659,32.470196
59,-37.530453,31.509659,41.43618
60,-33.11692,31.509659,-12.899273
61,-22.962894,31.509659,47.091282
62,-21.969503,31.509659,-16.070442
63,-13.943607,31.509659,52.711746
64,-12.262562,31.509659,-18.788525
65,-3.416747,31.509659,52.753059
66,-1.962185,31.509659,-19.702391
67,-0.670755,31.509659,-2.636213
68,-0.040279,31.509659,7.331644
69,0.144184,31.509659,35.764423
70,0.570462,31.509659,25.287531
71,-55.49081,23.509659,16.642073
72,-54.394135,23.509659,6.613226
73,-51.949299,23.509659,27.011894
74,-51.125111,23.509659,-2.86966
75,-47.371056,23.509659,35.900665
76,-41.661602,23.509659,-16.065102
77,-41.21386,23.509659,44.620056
78,-38.734936,23.509659,-27.742579
79,-29.382732,23.509659,50.744778
80,-28.78437,23.509659,-28.795124
81,-18.428816,23.509659,56.87072
82,-15.588301,23.509659,-18.158236
83,-7.453101,23.509659,58.774303
84,-4.894823,23.509659,-18.931919
85,-1.240839,23.509659,-1.996752
86,-0.617971,23.509659,21.412882
87,0.019742,23.509659,31.621099
88,0.174364,23.509659,10.739609
89,0.534243,23.509659,46.642948
90,-57.64917,14.509659,15.60553
91,-56.974087,14.509659,27.935608
92,-54.77562,14.509659,6.030272
93,-53.097687,14.509659,-7.081073
94,-51.057755,14.509659,-20.030762
95,-50.912739,14.509659,38.300594
96,-45.724159,14.509659,-28.998104
97,-42.247036,14.509659,47.172642
98,-36.23867,14.509659,-33.420067
99,-34.624084,14.509659,53.903976
100,-22.293724,14.509659,-35.67503
101,-21.464916,14.509659,59.551395
102,-18.669672,14.509659,-26.155521
103,-9.201822,14.509659,61.183033
104,-7.279644,14.509659,-17.402006
105,-0.847223,14.509659,29.279533
106,-0.837214,14.509659,-5.921129
107,-0.803914,14.509659,18.791054
108,0.356427,14.509659,46.424099
109,0.372354,14.509659,4.349774
110,-59.752277,5.509659,13.999004
111,-59.20187,5.509659,24.377342
112,-56.830437,5.509659,4.361551
113,-55.822636,5.509659,34.748512
114,-55.707016,5.509659,-5.624477
115,-55.218956,5.509659,-16.022207
116,-53.461868,5.509659,-26.531925
117,-48.267273,5.509659,42.424492
118,-45.257622,5.509659,-34.667698
119,-41.039429,5.509659,50.117035
120,-35.146023,5.509659,-36.644646
121,-32.645302,5.509659,56.877235
122,-24.709797,5.509659,-37.677071
123,-21.779579,5.509659,60.802429
124,-17.644638,5.509659,-30.203268
125,-15.592421,5.509659,-20.280064
126,-10.279045,5.509659,63.839462
127,-7.360605,5.509659,-13.367823
128,-0.942798,5.509659,-5.298092
129,-0.76773,5.509659,26.833082
130,-0.628617,5.509659,52.275745
131,-0.102927,5.509659,16.796114
132,0.372993,5.509659,37.375057
133,0.69794,5.509659,5.512214
134,-61.213631,-3.490341,15.699239
135,-60.654652,-3.490341,-16.464394
136,-60.586029,-3.490341,-0.243377
137,-59.039223,-3.490341,26.880518
138,-55.122528,-3.490341,-26.418045
139,-54.716766,-3.490341,38.386948
140,-49.377556,-3.490341,-35.315777
141,-46.406662,-3.490341,49.438587
142,-37.94561,-3.490341,56.076603
143,-34.346752,-3.490341,-37.539135
144,-27.976177,-3.490341,61.621735
145,-22.987593,-3.490341,-37.705814
146,-17.235338,-3.490341,66.460884
147,-17.086864,-3.490341,-29.246496
148,-13.622194,-3.490341,-19.832518
149,-7.317575,-3.490341,69.117508
150,-6.069641,-3.490341,-11.135242
151,-1.647384,-3.490341,31.017071
152,-1.354973,-3.490341,52.659027
153,-1.219453,-3.490341,-1.879574
154,-0.497246,-3.490341,20.86804
155,0.196153,-3.490341,10.520975
156,0.378199,-3.490341,41.104259
157,-64.841789,-12.490341,-9.171755
158,-63.13047,-12.490341,1.401735
159,-62.930313,-12.490341,17.038601
160,-62.381996,-12.490341,-18.441074
161,-60.551506,-12.490341,27.027611
162,-57.062611,-12.490341,36.687355
163,-54.738258,-12.490341,-28.075661
164,-52.653889,-12.490341,45.382362
165,-45.290901,-12.490341,-32.527107
166,-44.835865,-12.490341,50.952633
167,-37.353638,-12.490341,59.291992
168,-35.054863,-12.490341,-35.541321
169,-28.352306,-12.490341,64.809509
170,-24.739128,-12.490341,-32.111214
171,-20.098917,-12.490341,70.344971
172,-17.283669,-12.490341,-24.776052
173,-9.942448,-12.490341,69.770248
174,-9.443151,-12.490341,-15.799925
175,-2.326304,-12.490341,0.010354
176,-1.161559,-12.490341,63.632038
177,-1.141079,-12.490341,10.844687
178,-1.070922,-12.490341,31.867878
179,-0.876852,-12.490341,44.027542
180,-0.502884,-12.490341,21.20631
181,-0.236898,-12.490341,54.051746
182,-66.406898,-20.990341,2.063233
183,-64.840332,-20.990341,-8.367702
184,-63.000076,-20.990341,20.513075
185,-61.321934,-20.990341,-20.978287
186,-61.109688,-20.990341,30.24543
187,-56.943272,-20.990341,39.559898
188,-52.293335,-20.990341,-26.054285
189,-51.434124,-20.990341,48.703293
190,-41.407608,-20.990341,57.875828
191,-39.688618,-20.990341,-24.438637
192,-32.503365,-20.990341,63.338699
193,-29.574844,-20.990341,-27.693241
194,-23.730656,-20.990341,68.712494
195,-19.92658,-20.990341,-23.181499
196,-12.665385,-20.990341,-12.710465
197,-10.65631,-20.990341,70.778458
198,-4.689293,-20.990341,-5.752619
199,-2.739603,-20.990341,11.163177
200,-2.15929,-20.990341,65.099037
201,-1.738581,-20.990341,55.053905
202,-1.358399,-20.990341,21.069775
203,-0.260631,-20.990341,35.969757
204,-67.069763,-29.990341,-0.060094
205,-66.338768,-29.990341,-13.240057
206,-62.504425,-29.990341,11.936032
207,-62.112274,-29.990341,21.994986
208,-60.934471,-29.990341,32.527321
209,-58.408482,-29.990341,-22.115786
210,-55.677742,-29.990341,41.114494
211,-50.096138,-29.990341,49.993443
212,-47.593521,-29.990341,-24.962997
213,-43.010189,-29.990341,57.443497
214,-34.664406,-29.990341,-23.955919
215,-34.535858,-29.990341,63.153671
216,-24.046343,-29.990341,-21.147907
217,-23.929863,-29.990341,67.448692
218,-15.273293,-29.990341,-14.338641
219,-14.791623,-29.990341,71.089836
220,-10.342571,-29.990341,-5.800448
221,-6.763473,-29.990341,3.247966
222,-4.846573,-29.990341,68.043777
223,-1.941647,-29.990341,57.695217
224,-1.601288,-29.990341,47.262978
225,-0.872587,-29.990341,26.230677
226,-0.865134,-29.990341,11.053236
227,-0.441899,-29.990341,36.286453
228,-67.173431,-38.990341,-6.950401
229,-65.906693,-38.990341,3.123424
230,-64.428696,-38.990341,-17.718481
231,-63.004669,-38.990341,13.13913
232,-60.609375,-38.990341,24.544664
233,-57.074463,-38.990341,37.175251
234,-55.35313,-38.990341,-21.885761
235,-51.442966,-38.990341,46.209347
236,-46.20499,-38.990341,-27.104691
237,-45.37207,-38.990341,54.215214
238,-37.854256,-38.990341,60.948349
239,-35.174408,-38.990341,-22.858528
240,-29.013268,-38.990341,65.947693
241,-26.049601,-38.990341,-18.939999
242,-19.96427,-38.990341,70.575623
243,-16.871595,-38.990341,-12.912952
244,-11.023799,-38.990341,-4.66881
245,-9.13127,-38.990341,71.794945
246,-5.581798,-38.990341,6.2355
247,-3.028726,-38.990341,63.6138
248,-2.485312,-38.990341,15.90377
249,-2.338265,-38.990341,53.251381
250,-1.122845,-38.990341,25.539448
251,-0.809308,-38.990341,42.967216
252,-64.944389,-47.490341,-10.108249
253,-61.566067,-47.490341,13.772797
254,-61.47982,-47.490341,3.524126
255,-60.833702,-47.490341,-20.501419
256,-60.390343,-47.490341,24.194845
257,-55.907845,-47.490341,35.531082
258,-50.706924,-47.490341,-24.7831
259,-50.665066,-47.490341,45.320961
260,-40.989014,-47.490341,-22.298435
261,-37.844284,-47.490341,55.357166
262,-30.333183,-47.490341,-19.709246
263,-27.333353,-47.490341,62.201176
264,-20.992247,-47.490341,-13.780746
265,-19.388943,-47.490341,69.50444
266,-12.760082,-47.490341,-6.890744
267,-9.251568,-47.490341,71.315056
268,-7.027041,-47.490341,2.107815
269,-3.452724,-47.490341,61.791111
270,-2.824442,-47.490341,11.937194
271,-1.509984,-47.490341,51.42926
272,-1.158973,-47.490341,21.744459
273,-0.932127,-47.490341,35.551479
274,-59.852669,-56.490341,-0.324494
275,-59.834167,-56.490341,-12.210647
276,-57.964676,-56.490341,12.028789
277,-55.480385,-56.490341,26.950981
278,-54.279144,-56.490341,-21.301666
279,-51.256134,-56.490341,38.207878
280,-45.022385,-56.490341,48.045174
281,-43.089554,-56.490341,-19.636246
282,-35.137497,-56.490341,54.821507
283,-32.879028,-56.490341,-18.21649
284,-24.810881,-56.490341,63.135674
285,-20.333742,-56.490341,-13.670492
286,-14.964457,-56.490341,65.421829
287,-12.072803,-56.490341,-7.319945
288,-4.23584,-56.490341,0.710761
289,-4.210135,-56.490341,60.100288
290,-1.627436,-56.490341,12.731277
291,-1.545774,-56.490341,49.538239
292,-0.791376,-56.490341,39.136703
293,-0.192761,-56.490341,25.870712
294,-54.453236,-64.490341,4.232246
295,-53.424904,-64.490341,16.547392
296,-52.780186,-64.490341,-11.319241
297,-51.083019,-64.490341,26.964199
298,-46.527237,-64.490341,36.129971
299,-45.348984,-64.490341,-17.506256
300,-40.122059,-64.490341,44.172726
301,-34.129738,-64.490341,-18.526554
302,-33.18824,-64.490341,53.194218
303,-23.707079,-64.490341,-16.441174
304,-23.246658,-64.490341,60.490021
305,-13.868867,-64.490341,-10.815256
306,-11.257973,-64.490341,63.956108
307,-6.003262,-64.490341,-4.548061
308,-5.403057,-64.490341,56.329006
309,-0.680186,-64.490341,44.624447
310,-0.139129,-64.490341,4.940392
311,0.207614,-64.490341,34.433819
312,0.514257,-64.490341,20.707392
313,-50.106251,-71.990341,-8.423429
314,-49.236515,-71.990341,5.54056
315,-47.360245,-71.990341,24.388147
316,-44.02935,-71.990341,-16.511486
317,-43.478001,-71.990341,34.566463
318,-37.052055,-71.990341,42.754417
319,-34.226479,-71.990341,-18.551437
320,-25.805012,-71.990341,51.529919
321,-23.886257,-71.990341,-18.908968
322,-14.09985,-71.990341,-15.8169
323,-12.636035,-71.990341,52.367313
324,-5.023245,-71.990341,-10.778048
325,-2.501657,-71.990341,47.08157
326,0.337805,-71.990341,-0.770281
327,0.436705,-71.990341,31.388573
328,0.91372,-71.990341,19.508734
329,1.330043,-71.990341,9.420431
330,-46.407623,-78.990341,4.90098
331,-43.737633,-78.990341,16.020332
332,-42.89859,-78.990341,-8.422392
333,-39.774708,-78.990341,26.902363
334,-35.679127,-78.990341,-16.616274
335,-34.012589,-78.990341,35.402248
336,-25.329605,-78.990341,41.531715
337,-24.252489,-78.990341,-19.81735
338,-14.503902,-78.990341,-17.897966
339,-12.018172,-78.990341,48.000061
340,-4.348231,-78.990341,-15.66711
341,-2.082387,-78.990341,41.942574
342,0.028775,-78.990341,31.489313
343,1.381397,-78.990341,-1.679196
344,1.616243,-78.990341,14.757729
345,-40.170727,-85.990341,-2.96709
346,-37.227329,-85.990341,15.398544
347,-34.367332,-85.990341,-15.662823
348,-33.234699,-85.990341,24.734489
349,-24.849516,-85.990341,-21.949936
350,-22.76486,-85.990341,32.973957
351,-13.845936,-85.990341,38.532238
352,-12.295268,-85.990341,-19.968046
353,-4.341672,-85.990341,35.036217
354,-2.92564,-85.990341,-16.41074
355,1.045709,-85.990341,25.790802
356,2.376401,-85.990341,-7.521186
357,2.514129,-85.990341,11.667078
358,-35.262421,-91.490341,-5.154975
359,-31.398273,-91.490341,6.734017
360,-28.899105,-91.490341,-14.000226
361,-28.857906,-91.490341,16.438677
362,-22.478327,-91.490341,24.825108
363,-20.390043,-91.490341,-20.617249
364,-11.739748,-91.490341,28.473188
365,-9.579998,-91.490341,-19.989506
366,-2.052929,-91.490341,24.865458
367,-0.996842,-91.490341,-11.923307
368,0.598571,-91.490341,15.164526
369,2.448896,-91.490341,2.891976
370,-28.909801,-96.490341,-3.976804
371,-23.192642,-96.490341,7.708793
372,-22.675426,-96.490341,-14.339444
373,-13.243825,-96.490341,-18.766376
374,-12.895742,-96.490341,16.671719
375,-4.602282,-96.490341,-13.448834
376,-2.146753,-96.490341,16.390217
377,1.202788,-96.490341,6.308466
378,1.953855,-96.490341,-4.023132
379,-20.360811,-100.490341,-0.391223
380,-15.256437,-100.490341,-11.017721
381,-10.787895,-100.490341,7.178077
382,-5.025526,-100.490341,-10.401917
383,-1.254908,-100.490341,0.968589
384,8.635003,69.061607,13.328098
385,17.779224,69.061607,8.908282
386,2.325674,62.061607,12.325114
387,2.535328,62.061607,-1.510165
388,3.695987,62.061607,22.975256
389,4.955247,62.061607,-11.702362
390,13.828006,62.061607,28.129347
391,18.315231,62.061607,-7.715933
392,23.201101,62.061607,21.951977
393,28.497662,62.061607,12.798588
394,29.827728,62.061607,2.119342
395,1.771114,55.061607,17.431273
396,1.787806,55.061607,-0.632476
397,2.320341,55.061607,28.317348
398,3.56199,55.061607,-10.716036
399,8.313145,55.061607,37.482567
400,14.244366,55.061607,-13.54582
401,18.186768,55.061607,35.003475
402,25.73765,55.061607,27.199045
403,25.860989,55.061607,-9.212971
404,34.331394,55.061607,18.404533
405,36.344063,55.061607,-7.290204
406,41.224304,55.061607,9.763847
407,0.633254,47.061607,-5.607574
408,1.322018,47.061607,15.779079
409,2.333567,47.061607,-15.528338
410,2.502864,47.061607,30.866848
411,3.717528,47.061607,41.886703
412,12.333069,47.061607,-17.092468
413,15.434805,47.061607,42.633919
414,22.379671,47.061607,-12.286887
415,28.602154,47.061607,35.395535
416,33.469173,47.061607,-10.705029
417,37.655098,47.061607,28.567022
418,43.907482,47.061607,-7.977885
419,45.131466,47.061607,16.014326
420,0.368256,38.561607,-2.533676
421,1.241263,38.561607,7.959663
422,1.555378,38.561607,-15.88839
423,1.756597,38.561607,26.08395
424,2.862068,38.561607,40.460957
425,9.352702,38.561607,50.905987
426,11.120804,38.561607,-19.153578
427,20.660137,38.561607,47.614677
428,22.099461,38.561607,-14.595083
429,31.040146,38.561607,42.317959
430,32.336132,38.561607,-13.46995
431,38.409142,38.561607,34.839607
432,43.346306,38.561607,-12.179877
433,45.20195,38.561607,25.145859
434,51.214893,38.561607,13.16852
435,51.619423,38.561607,-3.8145
436,-0.852637,29.561607,0.18963
437,-0.100859,29.561607,10.473989
438,1.299721,29.561607,-13.413676
439,1.379964,29.561607,22.017584
440,1.734607,29.561607,34.126755
441,2.968394,29.561607,46.566975
442,5.908624,29.561607,56.267826
443,11.053971,29.561607,-19.37529
444,20.066019,29.561607,50.966705
445,21.656832,29.561607,-17.534544
446,30.347363,29.561607,46.434723
447,32.546059,29.561607,-16.684546
448,40.279297,29.561607,39.783089
449,42.989647,29.561607,-12.813516
450,46.300941,29.561607,31.455927
451,51.99931,29.561607,19.641127
452,53.020447,29.561607,-5.641391
453,56.393932,29.561607,5.554752
454,-1.214925,22.561607,-7.376262
455,-0.088481,22.561607,13.850578
456,0.9665,22.561607,26.598948
457,1.566758,22.561607,-17.64735
458,2.212395,22.561607,43.577812
459,2.911206,22.561607,55.761452
460,11.625642,22.561607,-19.299866
461,13.002138,22.561607,58.459965
462,22.736113,22.561607,54.690407
463,25.738623,22.561607,-25.891411
464,34.488758,22.561607,47.834457
465,35.545624,22.561607,-32.808369
466,43.996014,22.561607,39.195412
467,44.508522,22.561607,-27.016579
468,48.423584,22.561607,-16.956116
469,51.632954,22.561607,-5.770357
470,52.017025,22.561607,31.041876
471,57.081604,22.561607,2.57044
472,57.230343,22.561607,20.216589
473,-0.341382,14.061607,18.886826
474,0.515552,14.061607,8.846626
475,1.405117,14.061607,36.54874
476,2.160764,14.061607,-13.072594
477,2.381486,14.061607,48.119408
478,2.849363,14.061607,-2.153641
479,3.590058,14.061607,58.404682
480,11.624112,14.061607,-18.11372
481,17.68399,14.061607,59.936378
482,19.807919,14.061607,-31.446522
483,29.306787,14.061607,54.588173
484,29.464916,14.061607,-36.92313
485,37.932125,14.061607,49.249939
486,39.712566,14.061607,-36.523975
487,45.984741,14.061607,43.2752
488,50.166958,14.061607,-32.03923
489,53.314587,14.061607,34.439957
490,54.802917,14.061607,-23.089733
491,55.754379,14.061607,-11.422636
492,56.766525,14.061607,3.695861
493,59.179813,14.061607,26.139723
494,60.922581,14.061607,12.463387
495,-0.390456,5.561607,20.738737
496,0.580055,5.561607,10.138442
497,1.021641,5.561607,35.545593
498,2.211074,5.561607,46.722672
499,2.330973,5.561607,59.140572
500,2.820039,5.561607,-4.910401
501,9.2382,5.561607,-12.753496
502,10.795738,5.561607,64.954056
503,17.20315,5.561607,-20.07905
504,19.362406,5.561607,-34.258636
505,20.132904,5.561607,60.131878
506,27.532211,5.561607,-41.98584
507,33.172104,5.561607,56.343376
508,37.520454,5.561607,-40.084198
509,42.041107,5.561607,51.474243
510,47.891171,5.561607,-38.337997
511,48.492645,5.561607,43.876362
512,54.17548,5.561607,-27.13147
513,55.795074,5.561607,36.179756
514,58.824848,5.561607,-7.446803
515,60.626335,5.561607,27.324738
516,62.621544,5.561607,7.189594
517,-0.499559,-2.938393,21.285816
518,0.245154,-2.938393,11.184936
519,0.441458,-2.938393,31.886955
520,1.247793,-2.938393,60.649162
521,1.264532,-2.938393,42.765289
522,1.968551,-2.938393,0.785991
523,2.952749,-2.938393,-9.475824
524,7.786656,-2.938393,68.409157
525,16.033875,-2.938393,-16.830761
526,17.625893,-2.938393,66.216698
527,18.44335,-2.938393,-26.381466
528,21.70747,-2.938393,-37.116241
529,28.740826,-2.938393,62.098854
530,30.933369,-2.938393,-41.263119
531,37.130901,-2.938393,56.795517
532,41.428413,-2.938393,-40.657486
533,45.532372,-2.938393,51.223225
534,50.474098,-2.938393,-35.615097
535,52.129997,-2.938393,42.695473
536,56.68615,-2.938393,-25.544464
537,58.292664,-2.938393,32.466095
538,62.177818,-2.938393,-5.883852
539,63.136921,-2.938393,20.622726
540,63.468525,-2.938393,-16.006514
541,63.692444,-2.938393,4.424474
542,-0.498909,-11.938393,22.639141
543,-0.027166,-11.938393,34.252815
544,0.241819,-11.938393,-5.504771
545,0.552357,-11.938393,63.609482
546,0.714734,-11.938393,6.550112
547,0.941941,-11.938393,44.065804
548,5.074046,-11.938393,-14.732937
549,9.359774,-11.938393,69.743637
550,17.74979,-11.938393,-19.126835
551,19.519405,-11.938393,68.632988
552,26.277712,-11.938393,-29.846138
553,29.297684,-11.938393,63.345291
554,36.755608,-11.938393,-34.948318
555,38.775658,-11.938393,57.534744
556,49.191509,-11.938393,50.064598
557,50.236561,-11.938393,-33.339333
558,56.060314,-11.938393,42.782402
559,59.789627,-11.938393,-28.437832
560,60.497749,-11.938393,33.672962
561,63.806553,-11.938393,-18.656584
562,64.584015,-11.938393,23.266445
563,65.143555,-11.938393,-1.835906
564,65.394943,-11.938393,13.158743
565,-0.353952,-20.438393,24.858158
566,0.256823,-20.438393,39.281925
567,0.34016,-20.438393,64.915474
568,0.588116,-20.438393,53.552189
569,1.045355,-20.438393,-4.885066
570,1.473728,-20.438393,7.633705
571,8.727584,-20.438393,70.788963
572,11.555293,-20.438393,-7.957793
573,17.447227,-20.438393,-15.85846
574,19.477484,-20.438393,70.198868
575,24.545052,-20.438393,-23.704672
576,29.71854,-20.438393,66.326118
577,34.749619,-20.438393,-28.990934
578,38.354187,-20.438393,60.568779
579,45.017395,-20.438393,-26.209641
580,47.908726,-20.438393,52.918262
581,55.446396,-20.438393,45.299911
582,56.242142,-20.438393,-26.135586
583,61.010391,-20.438393,36.600628
584,63.865517,-20.438393,26.00111
585,64.776054,-20.438393,15.803747
586,66.225067,-20.438393,0.620255
587,66.474251,-20.438393,-17.386234
588,-0.474218,-28.938393,23.009937
589,0.443868,-28.938393,59.815971
590,0.519475,-28.938393,40.311333
591,0.817063,-28.938393,13.083184
592,3.561912,-28.938393,69.84848
593,5.88414,-28.938393,3.766889
594,8.813719,-28.938393,-6.401359
595,13.703924,-28.938393,70.079063
596,17.035782,-28.938393,-13.861779
597,24.384624,-28.938393,69.017838
598,25.682308,-28.938393,-20.872507
599,33.168739,-28.938393,63.634361
600,37.614502,-28.938393,-24.671749
601,42.470211,-28.938393,57.869625
602,51.215248,-28.938393,49.4394
603,51.819229,-28.938393,-24.948299
604,58.345249,-28.938393,42.138664
605,61.515568,-28.938393,-22.631241
606,63.041138,-28.938393,32.224674
607,64.338928,-28.938393,20.104094
608,66.067863,-28.938393,0.675318
609,66.728035,-28.938393,-12.479163
610,-0.268432,-37.938393,61.351902
611,0.508051,-37.938393,42.119137
612,1.167641,-37.938393,32.174568
613,1.314464,-37.938393,7.666762
614,1.562359,-37.938393,19.356472
615,5.0836,-37.938393,-1.871641
616,6.882563,-37.938393,70.514801
617,15.554653,-37.938393,-9.850245
618,17.387819,-37.938393,71.050316
619,23.543991,-37.938393,-16.382006
620,26.755732,-37.938393,67.537697
621,34.284431,-37.938393,-22.156004
622,36.885212,-37.938393,61.413597
623,45.626015,-37.938393,54.237915
624,48.469219,-37.938393,-26.80167
625,53.131836,-37.938393,47.19532
626,58.420834,-37.938393,38.486015
627,58.4785,-37.938393,-24.110889
628,61.500328,-37.938393,25.163984
629,64.97818,-37.938393,14.089405
630,65.320427,-37.938393,-13.333992
631,66.591805,-37.938393,2.626512
632,0.097763,-46.938393,62.515472
633,0.393608,-46.938393,44.054852
634,0.741039,-46.938393,29.127951
635,2.569114,-46.938393,18.838638
636,5.950814,-46.938393,8.163492
637,6.525812,-46.938393,71.489098
638,9.948639,-46.938393,-1.047473
639,15.595957,-46.938393,-9.300594
640,16.883734,-46.938393,69.966019
641,24.052889,-46.938393,-15.349258
642,26.23378,-46.938393,65.56012
643,33.183384,-46.938393,-19.476105
644,34.899044,-46.938393,60.106003
645,42.928406,-46.938393,54.097073
646,44.752769,-46.938393,-22.80212
647,50.290977,-46.938393,47.009605
648,54.834743,-46.938393,-25.611654
649,56.790871,-46.938393,37.472168
650,60.763683,-46.938393,-17.533831
651,60.827015,-46.938393,28.051935
652,62.380424,-46.938393,15.490826
653,63.515484,-46.938393,-3.35692
654,-0.012879,-55.938393,59.380146
655,0.603579,-55.938393,44.969433
656,1.020945,-55.938393,33.782238
657,1.448524,-55.938393,17.849228
658,2.411078,-55.938393,7.721291
659,6.830747,-55.938393,67.595596
660,7.123066,-55.938393,-1.832844
661,14.043366,-55.938393,-9.025503
662,16.87307,-55.938393,67.277252
663,22.444706,-55.938393,-15.256143
664,27.036827,-55.938393,64.17942
665,32.883011,-55.938393,-18.52356
666,35.97184,-55.938393,58.054863
667,42.311638,-55.938393,-20.811113
668,44.715797,-55.938393,47.38102
669,53.376957,-55.938393,39.975945
670,53.622658,-55.938393,-22.608995
671,57.423576,-55.938393,30.357494
672,57.951252,-55.938393,-12.842759
673,58.277447,-55.938393,20.124554
674,59.953583,-55.938393,6.445349
675,0.083671,-63.938393,6.332321
676,0.380022,-63.938393,48.045918
677,1.046752,-63.938393,59.986725
678,1.078185,-63.938393,37.537289
679,1.300251,-63.938393,25.400705
680,5.326359,-63.938393,-4.01572
681,10.465096,-63.938393,63.946083
682,12.436487,-63.938393,-11.257052
683,21.513142,-63.938393,63.37249
684,21.882549,-63.938393,-14.670992
685,30.829218,-63.938393,56.004921
686,31.175865,-63.938393,-18.760208
687,39.924683,-63.938393,49.248497
688,44.113392,-63.938393,-17.408852
689,47.327229,-63.938393,42.042988
690,51.155998,-63.938393,27.846855
691,53.916588,-63.938393,-10.039108
692,54.742203,-63.938393,15.925026
693,54.827026,-63.938393,5.290722
694,0.926746,-71.438393,9.239601
695,1.287783,-71.438393,-5.247225
696,1.304146,-71.438393,46.903774
697,1.736928,-71.438393,26.560381
698,1.950112,-71.438393,36.90213
699,7.050867,-71.438393,55.657429
700,8.581105,-71.438393,-12.543598
701,19.760975,-71.438393,55.031876
702,21.749813,-71.438393,-17.882275
703,29.468376,-71.438393,51.788292
704,32.377151,-71.438393,-17.890491
705,39.380943,-71.438393,43.987907
706,42.991447,-71.438393,-17.984186
707,44.783192,-71.438393,35.205666
708,48.060516,-71.438393,-8.67655
709,48.494431,-71.438393,24.080935
710,49.973145,-71.438393,14.05954
711,50.627655,-71.438393,2.340429
712,0.978698,-78.938393,-6.791826
713,2.060852,-78.938393,8.17383
714,2.54502,-78.938393,20.355181
715,3.91704,-78.938393,35.450027
716,5.339878,-78.938393,45.486816
717,6.764451,-78.938393,-14.8608
718,15.792451,-78.938393,47.64415
719,17.937881,-78.938393,-16.399429
720,26.770899,-78.938393,45.409882
721,28.619738,-78.938393,-18.084146
722,35.296616,-78.938393,35.380768
723,38.188713,-78.938393,-19.139719
724,41.024441,-78.938393,26.893852
725,43.331367,-78.938393,16.970661
726,43.519196,-78.938393,6.434221
727,45.075089,-78.938393,-5.417906
728,2.823953,-86.438393,5.613779
729,4.180994,-86.438393,17.91721
730,4.750974,-86.438393,-7.407901
731,6.546838,-86.438393,27.988529
732,13.310731,-86.438393,37.187069
733,14.532714,-86.438393,-15.992283
734,23.492393,-86.438393,35.762409
735,24.872526,-86.438393,-19.892693
736,33.420006,-86.438393,23.382847
737,35.241058,-86.438393,-15.231056
738,35.753391,-86.438393,13.549375
739,37.782337,-86.438393,3.429094
740,6.250593,-91.938393,7.079605
741,8.211174,-91.938393,-2.921466
742,8.483706,-91.938393,18.513752
743,12.317538,-91.938393,-14.199141
744,14.352034,-91.938393,27.200006
745,20.885756,-91.938393,-19.412083
746,23.976376,-91.938393,22.818653
747,29.112247,-91.938393,11.392493
748,30.833172,-91.938393,-15.004111
749,34.552826,-91.938393,2.516846
750,9.178377,-96.438393,4.777997
751,12.043814,-96.438393,-10.81289
752,13.696202,-96.438393,14.050557
753,20.259428,-96.438393,-16.909172
754,23.971048,-96.438393,10.118591
755,28.391228,-96.438393,-8.486336
756,10.115079,-98.938393,0.346783
757,14.243225,-98.938393,-10.520967
758,19.531607,-98.938393,7.968564
759,23.574041,-98.938393,-2.731169
760,-11.9593899944,62.509659,10.440223
761,-23.8532618401,56.509659,11.404347
762,-13.8532618401,56.509659,-2.368985
763,-13.8532618401,56.509659,7.631015
764,-13.8532618401,56.509659,17.631015
765,-31.811819858,48.509659,10.485662
766,-21.811819858,48.509659,9.259299
767,-21.811819858,48.509659,19.259299
768,-11.811819858,48.509659,-5.626745
769,-11.811819858,48.509659,4.373255
770,-11.811819858,48.509659,14.373255
771,-11.811819858,48.509659,24.373255
772,-36.180310501,40.509659,-0.206882
773,-36.180310501,40.509659,9.793118
774,-36.180310501,40.509659,19.793118
775,-26.180310501,40.509659,-2.679211
776,-26.180310501,40.509659,7.320789
777,-26.180310501,40.509659,27.320789
778,-16.180310501,40.509659,-6.740192
779,-16.180310501,40.509659,3.259808
780,-16.180310501,40.509659,13.259808
781,-16.180310501,40.509659,23.259808
782,-16.180310501,40.509659,33.259808
783,-39.8011903215,31.509659,7.595738
784,-29.8011903215,31.509659,5.233196
785,-29.8011903215,31.509659,15.233196
786,-29.8011903215,31.509659,25.233196
787,-19.8011903215,31.509659,3.2675
788,-19.8011903215,31.509659,13.2675
789,-19.8011903215,31.509659,23.2675
790,-19.8011903215,31.509659,33.2675
791,-9.8011903215,31.509659,-9.040478
792,-9.8011903215,31.509659,10.959522
793,-9.8011903215,31.509659,20.959522
794,-9.8011903215,31.509659,30.959522
795,-9.8011903215,31.509659,40.959522
796,-41.0188555868,23.509659,-1.397821
797,-41.0188555868,23.509659,8.602179
798,-41.0188555868,23.509659,18.602179
799,-31.0188555868,23.509659,-9.654148
800,-31.0188555868,23.509659,0.345852
801,-31.0188555868,23.509659,10.345852
802,-31.0188555868,23.509659,20.345852
803,-31.0188555868,23.509659,30.345852
804,-31.0188555868,23.509659,40.345852
805,-21.0188555868,23.509659,-8.021595
806,-21.0188555868,23.509659,1.978405
807,-21.0188555868,23.509659,11.978405
808,-21.0188555868,23.509659,31.978405
809,-21.0188555868,23.509659,41.978405
810,-11.0188555868,23.509659,-8.791327
811,-11.0188555868,23.509659,1.208673
812,-11.0188555868,23.509659,11.208673
813,-11.0188555868,23.509659,21.208673
814,-11.0188555868,23.509659,31.208673
815,-11.0188555868,23.509659,41.208673
816,-43.3399825604,14.509659,-11.950083
817,-43.3399825604,14.509659,-1.950083
818,-43.3399825604,14.509659,8.049917
819,-43.3399825604,14.509659,18.049917
820,-43.3399825604,14.509659,28.049917
821,-33.3399825604,14.509659,-14.49844
822,-33.3399825604,14.509659,-4.49844
823,-33.3399825604,14.509659,5.50156
824,-33.3399825604,14.509659,15.50156
825,-33.3399825604,14.509659,25.50156
826,-33.3399825604,14.509659,35.50156
827,-23.3399825604,14.509659,-15.67503
828,-23.3399825604,14.509659,-5.67503
829,-23.3399825604,14.509659,4.32497
830,-23.3399825604,14.509659,14.32497
831,-23.3399825604,14.509659,24.32497
832,-23.3399825604,14.509659,34.32497
833,-23.3399825604,14.509659,44.32497
834,-13.3399825604,14.509659,-9.349035
835,-13.3399825604,14.509659,0.650965
836,-13.3399825604,14.509659,10.650965
837,-13.3399825604,14.509659,20.650965
838,-13.3399825604,14.509659,30.650965
839,-13.3399825604,14.509659,40.650965
840,-13.3399825604,14.509659,50.650965
841,-45.4692164005,5.509659,-4.667698
842,-45.4692164005,5.509659,5.332302
843,-45.4692164005,5.509659,15.332302
844,-45.4692164005,5.509659,25.332302
845,-35.4692164005,5.509659,-16.682442
846,-35.4692164005,5.509659,-6.682442
847,-35.4692164005,5.509659,3.317558
848,-35.4692164005,5.509659,13.317558
849,-35.4692164005,5.509659,23.317558
850,-35.4692164005,5.509659,33.317558
851,-25.4692164005,5.509659,-17.677071
852,-25.4692164005,5.509659,-7.677071
853,-25.4692164005,5.509659,2.322929
854,-25.4692164005,5.509659,12.322929
855,-25.4692164005,5.509659,22.322929
856,-25.4692164005,5.509659,32.322929
857,-25.4692164005,5.509659,42.322929
858,-15.4692164005,5.509659,-7.346132
859,-15.4692164005,5.509659,2.653868
860,-15.4692164005,5.509659,12.653868
861,-15.4692164005,5.509659,22.653868
862,-15.4692164005,5.509659,32.653868
863,-15.4692164005,5.509659,42.653868
864,-15.4692164005,5.509659,52.653868
865,-47.0131039349,-3.490341,-16.807987
866,-47.0131039349,-3.490341,-6.807987
867,-47.0131039349,-3.490341,3.192013
868,-47.0131039349,-3.490341,13.192013
869,-47.0131039349,-3.490341,23.192013
870,-37.0131039349,-3.490341,-26.034344
871,-37.0131039349,-3.490341,-16.034344
872,-37.0131039349,-3.490341,-6.034344
873,-37.0131039349,-3.490341,3.965656
874,-37.0131039349,-3.490341,13.965656
875,-37.0131039349,-3.490341,23.965656
876,-37.0131039349,-3.490341,33.965656
877,-37.0131039349,-3.490341,43.965656
878,-27.0131039349,-3.490341,-19.676014
879,-27.0131039349,-3.490341,-9.676014
880,-27.0131039349,-3.490341,0.323986
881,-27.0131039349,-3.490341,10.323986
882,-27.0131039349,-3.490341,20.323986
883,-27.0131039349,-3.490341,30.323986
884,-27.0131039349,-3.490341,40.323986
885,-27.0131039349,-3.490341,50.323986
886,-17.0131039349,-3.490341,-9.733961
887,-17.0131039349,-3.490341,0.266039
888,-17.0131039349,-3.490341,10.266039
889,-17.0131039349,-3.490341,20.266039
890,-17.0131039349,-3.490341,30.266039
891,-17.0131039349,-3.490341,40.266039
892,-17.0131039349,-3.490341,50.266039
893,-50.6053233105,-12.490341,-12.656334
894,-50.6053233105,-12.490341,-2.656334
895,-50.6053233105,-12.490341,7.343666
896,-50.6053233105,-12.490341,17.343666
897,-40.6053233105,-12.490341,-22.052345
898,-40.6053233105,-12.490341,-12.052345
899,-40.6053233105,-12.490341,-2.052345
900,-40.6053233105,-12.490341,7.947655
901,-40.6053233105,-12.490341,17.947655
902,-40.6053233105,-12.490341,27.947655
903,-40.6053233105,-12.490341,37.947655
904,-30.6053233105,-12.490341,-14.746571
905,-30.6053233105,-12.490341,-4.746571
906,-30.6053233105,-12.490341,5.253429
907,-30.6053233105,-12.490341,15.253429
908,-30.6053233105,-12.490341,25.253429
909,-30.6053233105,-12.490341,35.253429
910,-30.6053233105,-12.490341,45.253429
911,-20.6053233105,-12.490341,-8.077326
912,-20.6053233105,-12.490341,1.922674
913,-20.6053233105,-12.490341,11.922674
914,-20.6053233105,-12.490341,21.922674
915,-20.6053233105,-12.490341,31.922674
916,-20.6053233105,-12.490341,41.922674
917,-20.6053233105,-12.490341,51.922674
918,-10.6053233105,-12.490341,-5.866693
919,-10.6053233105,-12.490341,14.133307
920,-10.6053233105,-12.490341,24.133307
921,-10.6053233105,-12.490341,54.133307
922,-52.2323759861,-20.990341,-16.054285
923,-52.2323759861,-20.990341,-6.054285
924,-52.2323759861,-20.990341,3.945715
925,-52.2323759861,-20.990341,13.945715
926,-52.2323759861,-20.990341,23.945715
927,-42.2323759861,-20.990341,-14.719501
928,-42.2323759861,-20.990341,-4.719501
929,-42.2323759861,-20.990341,5.280499
930,-42.2323759861,-20.990341,15.280499
931,-42.2323759861,-20.990341,25.280499
932,-42.2323759861,-20.990341,35.280499
933,-32.2323759861,-20.990341,-7.840454
934,-32.2323759861,-20.990341,2.159546
935,-32.2323759861,-20.990341,12.159546
936,-32.2323759861,-20.990341,22.159546
937,-32.2323759861,-20.990341,32.159546
938,-32.2323759861,-20.990341,42.159546
939,-32.2323759861,-20.990341,52.159546
940,-22.2323759861,-20.990341,-4.976215
941,-22.2323759861,-20.990341,5.023785
942,-22.2323759861,-20.990341,15.023785
943,-22.2323759861,-20.990341,25.023785
944,-22.2323759861,-20.990341,35.023785
945,-22.2323759861,-20.990341,45.023785
946,-22.2323759861,-20.990341,55.023785
947,-12.2323759861,-20.990341,7.198639
948,-12.2323759861,-20.990341,17.198639
949,-12.2323759861,-20.990341,27.198639
950,-12.2323759861,-20.990341,37.198639
951,-12.2323759861,-20.990341,47.198639
952,-12.2323759861,-20.990341,57.198639
953,-53.0610077246,-29.990341,-4.418943
954,-53.0610077246,-29.990341,5.581057
955,-53.0610077246,-29.990341,15.581057
956,-43.0610077246,-29.990341,-14.697533
957,-43.0610077246,-29.990341,-4.697533
958,-43.0610077246,-29.990341,5.302467
959,-43.0610077246,-29.990341,15.302467
960,-43.0610077246,-29.990341,25.302467
961,-43.0610077246,-29.990341,35.302467
962,-33.0610077246,-29.990341,-4.528646
963,-33.0610077246,-29.990341,5.471354
964,-33.0610077246,-29.990341,15.471354
965,-33.0610077246,-29.990341,25.471354
966,-33.0610077246,-29.990341,35.471354
967,-33.0610077246,-29.990341,45.471354
968,-23.0610077246,-29.990341,-1.147907
969,-23.0610077246,-29.990341,8.852093
970,-23.0610077246,-29.990341,28.852093
971,-23.0610077246,-29.990341,38.852093
972,-23.0610077246,-29.990341,48.852093
973,-13.0610077246,-29.990341,16.19611
974,-13.0610077246,-29.990341,26.19611
975,-13.0610077246,-29.990341,36.19611
976,-13.0610077246,-29.990341,46.19611
977,-13.0610077246,-29.990341,56.19611
978,-53.1698915561,-38.990341,-5.045704
979,-53.1698915561,-38.990341,4.954296
980,-53.1698915561,-38.990341,14.954296
981,-43.1698915561,-38.990341,-16.559603
982,-43.1698915561,-38.990341,-6.559603
983,-43.1698915561,-38.990341,3.440397
984,-43.1698915561,-38.990341,13.440397
985,-43.1698915561,-38.990341,23.440397
986,-43.1698915561,-38.990341,33.440397
987,-33.1698915561,-38.990341,-2.493731
988,-33.1698915561,-38.990341,7.506269
989,-33.1698915561,-38.990341,17.506269
990,-33.1698915561,-38.990341,27.506269
991,-33.1698915561,-38.990341,37.506269
992,-33.1698915561,-38.990341,47.506269
993,-23.1698915561,-38.990341,1.594217
994,-23.1698915561,-38.990341,11.594217
995,-23.1698915561,-38.990341,21.594217
996,-23.1698915561,-38.990341,31.594217
997,-23.1698915561,-38.990341,41.594217
998,-23.1698915561,-38.990341,51.594217
999,-13.1698915561,-38.990341,21.189953
1000,-13.1698915561,-38.990341,31.189953
1001,-13.1698915561,-38.990341,41.189953
1002,-13.1698915561,-38.990341,51.189953
1003,-13.1698915561,-38.990341,61.189953
1004,-50.58984378,-47.490341,-5.052906
1005,-50.58984378,-47.490341,4.947094
1006,-50.58984378,-47.490341,14.947094
1007,-40.58984378,-47.490341,-3.212008
1008,-40.58984378,-47.490341,6.787992
1009,-40.58984378,-47.490341,16.787992
1010,-40.58984378,-47.490341,26.787992
1011,-40.58984378,-47.490341,36.787992
1012,-30.58984378,-47.490341,-0.786743
1013,-30.58984378,-47.490341,9.213257
1014,-30.58984378,-47.490341,19.213257
1015,-30.58984378,-47.490341,29.213257
1016,-30.58984378,-47.490341,39.213257
1017,-20.58984378,-47.490341,5.33135
1018,-20.58984378,-47.490341,15.33135
1019,-20.58984378,-47.490341,25.33135
1020,-20.58984378,-47.490341,35.33135
1021,-20.58984378,-47.490341,45.33135
1022,-10.58984378,-47.490341,43.626696
1023,-45.3078519261,-56.490341,-8.615124
1024,-45.3078519261,-56.490341,1.384876
1025,-45.3078519261,-56.490341,11.384876
1026,-45.3078519261,-56.490341,21.384876
1027,-35.3078519261,-56.490341,0.14353
1028,-35.3078519261,-56.490341,10.14353
1029,-35.3078519261,-56.490341,20.14353
1030,-35.3078519261,-56.490341,30.14353
1031,-35.3078519261,-56.490341,40.14353
1032,-25.3078519261,-56.490341,3.021015
1033,-25.3078519261,-56.490341,13.021015
1034,-25.3078519261,-56.490341,23.021015
1035,-25.3078519261,-56.490341,33.021015
1036,-25.3078519261,-56.490341,43.021015
1037,-15.3078519261,-56.490341,9.327185
1038,-15.3078519261,-56.490341,19.327185
1039,-15.3078519261,-56.490341,29.327185
1040,-15.3078519261,-56.490341,39.327185
1041,-15.3078519261,-56.490341,49.327185
1042,-40.0715733389,-64.490341,-8.19096
1043,-40.0715733389,-64.490341,1.80904
1044,-40.0715733389,-64.490341,21.80904
1045,-30.0715733389,-64.490341,0.978096
1046,-30.0715733389,-64.490341,10.978096
1047,-30.0715733389,-64.490341,20.978096
1048,-30.0715733389,-64.490341,30.978096
1049,-30.0715733389,-64.490341,40.978096
1050,-20.0715733389,-64.490341,5.686621
1051,-20.0715733389,-64.490341,15.686621
1052,-20.0715733389,-64.490341,25.686621
1053,-20.0715733389,-64.490341,35.686621
1054,-20.0715733389,-64.490341,45.686621
1055,-10.0715733389,-64.490341,9.416977
1056,-10.0715733389,-64.490341,19.416977
1057,-10.0715733389,-64.490341,29.416977
1058,-10.0715733389,-64.490341,39.416977
1059,-34.8444970206,-71.990341,-8.551437
1060,-34.8444970206,-71.990341,1.448563
1061,-34.8444970206,-71.990341,11.448563
1062,-34.8444970206,-71.990341,21.448563
1063,-24.8444970206,-71.990341,-8.908968
1064,-24.8444970206,-71.990341,1.091032
1065,-24.8444970206,-71.990341,11.091032
1066,-24.8444970206,-71.990341,21.091032
1067,-24.8444970206,-71.990341,31.091032
1068,-24.8444970206,-71.990341,41.091032
1069,-14.8444970206,-71.990341,4.149673
1070,-14.8444970206,-71.990341,14.149673
1071,-14.8444970206,-71.990341,24.149673
1072,-14.8444970206,-71.990341,34.149673
1073,-31.0830752647,-78.990341,0.802891
1074,-31.0830752647,-78.990341,10.802891
1075,-31.0830752647,-78.990341,20.802891
1076,-21.0830752647,-78.990341,-9.713972
1077,-21.0830752647,-78.990341,0.286028
1078,-21.0830752647,-78.990341,10.286028
1079,-21.0830752647,-78.990341,20.286028
1080,-21.0830752647,-78.990341,30.286028
1081,-11.0830752647,-78.990341,-7.007969
1082,-11.0830752647,-78.990341,2.992031
1083,-11.0830752647,-78.990341,22.992031
1084,-11.0830752647,-78.990341,32.992031
1085,-25.1525143729,-85.990341,-2.011816
1086,-25.1525143729,-85.990341,7.988184
1087,-25.1525143729,-85.990341,17.988184
1088,-15.1525143729,-85.990341,-9.537006
1089,-15.1525143729,-85.990341,0.462994
1090,-15.1525143729,-85.990341,10.462994
1091,-15.1525143729,-85.990341,20.462994
1092,-5.15251437286,-85.990341,2.193838
1093,-19.3940510939,-91.490341,-10.617249
1094,-19.3940510939,-91.490341,-0.617249
1095,-19.3940510939,-91.490341,9.382751
1096,-9.39405109395,-91.490341,0.010494
1097,-9.39405109395,-91.490341,10.010494
1098,-11.9336828085,-96.490341,1.233624
1099,16.5348154035,62.061607,11.704386
1100,15.8219070082,55.061607,-3.54582
1101,15.8219070082,55.061607,6.45418
1102,15.8219070082,55.061607,16.45418
1103,25.8219070082,55.061607,10.456427
1104,14.6387009962,47.061607,3.635441
1105,14.6387009962,47.061607,13.635441
1106,14.6387009962,47.061607,23.635441
1107,24.6387009962,47.061607,-1.310076
1108,24.6387009962,47.061607,8.689924
1109,34.6387009962,47.061607,8.976589
1110,34.6387009962,47.061607,18.976589
1111,14.5705287121,38.561607,0.894104
1112,14.5705287121,38.561607,10.894104
1113,14.5705287121,38.561607,20.894104
1114,14.5705287121,38.561607,30.894104
1115,24.5705287121,38.561607,-4.817358
1116,24.5705287121,38.561607,5.182642
1117,24.5705287121,38.561607,15.182642
1118,24.5705287121,38.561607,25.182642
1119,34.5705287121,38.561607,-3.702843
1120,34.5705287121,38.561607,6.297157
1121,13.3130667718,29.561607,-9.468618
1122,13.3130667718,29.561607,0.531382
1123,13.3130667718,29.561607,10.531382
1124,13.3130667718,29.561607,20.531382
1125,13.3130667718,29.561607,30.531382
1126,13.3130667718,29.561607,40.531382
1127,23.3130667718,29.561607,-7.534544
1128,23.3130667718,29.561607,2.465456
1129,23.3130667718,29.561607,12.465456
1130,23.3130667718,29.561607,22.465456
1131,23.3130667718,29.561607,32.465456
1132,33.3130667718,29.561607,-6.684546
1133,33.3130667718,29.561607,3.315454
1134,33.3130667718,29.561607,13.315454
1135,33.3130667718,29.561607,23.315454
1136,43.3130667718,29.561607,-2.813516
1137,43.3130667718,29.561607,7.186484
1138,12.9711021946,22.561607,0.542316
1139,12.9711021946,22.561607,10.542316
1140,12.9711021946,22.561607,20.542316
1141,12.9711021946,22.561607,30.542316
1142,12.9711021946,22.561607,40.542316
1143,22.9711021946,22.561607,-8.888309
1144,22.9711021946,22.561607,1.111691
1145,22.9711021946,22.561607,11.111691
1146,22.9711021946,22.561607,21.111691
1147,22.9711021946,22.561607,31.111691
1148,22.9711021946,22.561607,41.111691
1149,32.9711021946,22.561607,-11.23461
1150,32.9711021946,22.561607,-1.23461
1151,32.9711021946,22.561607,18.76539
1152,32.9711021946,22.561607,28.76539
1153,42.9711021946,22.561607,6.634632
1154,42.9711021946,22.561607,16.634632
1155,42.9711021946,22.561607,26.634632
1156,13.6654388405,14.061607,1.246777
1157,13.6654388405,14.061607,11.246777
1158,13.6654388405,14.061607,21.246777
1159,13.6654388405,14.061607,31.246777
1160,13.6654388405,14.061607,41.246777
1161,23.6654388405,14.061607,-17.500763
1162,23.6654388405,14.061607,-7.500763
1163,23.6654388405,14.061607,2.499237
1164,23.6654388405,14.061607,12.499237
1165,23.6654388405,14.061607,22.499237
1166,23.6654388405,14.061607,32.499237
1167,23.6654388405,14.061607,42.499237
1168,33.6654388405,14.061607,-25.61227
1169,33.6654388405,14.061607,-15.61227
1170,33.6654388405,14.061607,-5.61227
1171,33.6654388405,14.061607,4.38773
1172,33.6654388405,14.061607,14.38773
1173,33.6654388405,14.061607,24.38773
1174,33.6654388405,14.061607,34.38773
1175,43.6654388405,14.061607,-16.275974
1176,43.6654388405,14.061607,-6.275974
1177,43.6654388405,14.061607,3.724026
1178,43.6654388405,14.061607,13.724026
1179,43.6654388405,14.061607,23.724026
1180,13.6137905384,5.561607,-3.680075
1181,13.6137905384,5.561607,6.319925
1182,13.6137905384,5.561607,26.319925
1183,13.6137905384,5.561607,36.319925
1184,13.6137905384,5.561607,46.319925
1185,23.6137905384,5.561607,-11.330345
1186,23.6137905384,5.561607,-1.330345
1187,23.6137905384,5.561607,8.669655
1188,23.6137905384,5.561607,18.669655
1189,23.6137905384,5.561607,28.669655
1190,23.6137905384,5.561607,38.669655
1191,23.6137905384,5.561607,48.669655
1192,33.6137905384,5.561607,-21.708839
1193,33.6137905384,5.561607,-11.708839
1194,33.6137905384,5.561607,-1.708839
1195,33.6137905384,5.561607,8.291161
1196,33.6137905384,5.561607,18.291161
1197,33.6137905384,5.561607,28.291161
1198,33.6137905384,5.561607,38.291161
1199,43.6137905384,5.561607,-28.717327
1200,43.6137905384,5.561607,-18.717327
1201,43.6137905384,5.561607,-8.717327
1202,43.6137905384,5.561607,1.282673
1203,43.6137905384,5.561607,11.282673
1204,43.6137905384,5.561607,21.282673
1205,43.6137905384,5.561607,31.282673
1206,53.6137905384,5.561607,16.470776
1207,13.502464684,-2.938393,0.715464
1208,13.502464684,-2.938393,10.715464
1209,13.502464684,-2.938393,20.715464
1210,13.502464684,-2.938393,40.715464
1211,13.502464684,-2.938393,50.715464
1212,23.502464684,-2.938393,-9.555744
1213,23.502464684,-2.938393,0.444256
1214,23.502464684,-2.938393,10.444256
1215,23.502464684,-2.938393,20.444256
1216,23.502464684,-2.938393,30.444256
1217,23.502464684,-2.938393,40.444256
1218,23.502464684,-2.938393,50.444256
1219,33.502464684,-2.938393,-30.703781
1220,33.502464684,-2.938393,-20.703781
1221,33.502464684,-2.938393,-10.703781
1222,33.502464684,-2.938393,-0.703781
1223,33.502464684,-2.938393,9.296219
1224,33.502464684,-2.938393,19.296219
1225,33.502464684,-2.938393,29.296219
1226,33.502464684,-2.938393,39.296219
1227,43.502464684,-2.938393,-20.119259
1228,43.502464684,-2.938393,-10.119259
1229,43.502464684,-2.938393,-0.119259
1230,43.502464684,-2.938393,9.880741
1231,43.502464684,-2.938393,19.880741
1232,43.502464684,-2.938393,29.880741
1233,53.502464684,-2.938393,-14.204082
1234,53.502464684,-2.938393,5.795918
1235,53.502464684,-2.938393,15.795918
1236,13.5044872731,-11.938393,-5.112957
1237,13.5044872731,-11.938393,4.887043
1238,13.5044872731,-11.938393,14.887043
1239,13.5044872731,-11.938393,24.887043
1240,13.5044872731,-11.938393,34.887043
1241,13.5044872731,-11.938393,44.887043
1242,13.5044872731,-11.938393,54.887043
1243,23.5044872731,-11.938393,-7.914923
1244,23.5044872731,-11.938393,2.085077
1245,23.5044872731,-11.938393,12.085077
1246,23.5044872731,-11.938393,22.085077
1247,23.5044872731,-11.938393,32.085077
1248,23.5044872731,-11.938393,42.085077
1249,23.5044872731,-11.938393,52.085077
1250,33.5044872731,-11.938393,-14.820869
1251,33.5044872731,-11.938393,-4.820869
1252,33.5044872731,-11.938393,5.179131
1253,33.5044872731,-11.938393,15.179131
1254,33.5044872731,-11.938393,25.179131
1255,33.5044872731,-11.938393,35.179131
1256,33.5044872731,-11.938393,45.179131
1257,43.5044872731,-11.938393,-16.093021
1258,43.5044872731,-11.938393,-6.093021
1259,43.5044872731,-11.938393,3.906979
1260,43.5044872731,-11.938393,13.906979
1261,43.5044872731,-11.938393,23.906979
1262,43.5044872731,-11.938393,33.906979
1263,53.5044872731,-11.938393,-13.956478
1264,53.5044872731,-11.938393,-3.956478
1265,53.5044872731,-11.938393,6.043522
1266,53.5044872731,-11.938393,16.043522
1267,53.5044872731,-11.938393,26.043522
1268,13.6468824638,-20.438393,10.906795
1269,13.6468824638,-20.438393,20.906795
1270,13.6468824638,-20.438393,30.906795
1271,13.6468824638,-20.438393,40.906795
1272,13.6468824638,-20.438393,50.906795
1273,13.6468824638,-20.438393,60.906795
1274,23.6468824638,-20.438393,-4.168816
1275,23.6468824638,-20.438393,5.831184
1276,23.6468824638,-20.438393,15.831184
1277,23.6468824638,-20.438393,25.831184
1278,23.6468824638,-20.438393,35.831184
1279,23.6468824638,-20.438393,45.831184
1280,23.6468824638,-20.438393,55.831184
1281,33.6468824638,-20.438393,-18.990934
1282,33.6468824638,-20.438393,-8.990934
1283,33.6468824638,-20.438393,1.009066
1284,33.6468824638,-20.438393,11.009066
1285,33.6468824638,-20.438393,21.009066
1286,33.6468824638,-20.438393,31.009066
1287,33.6468824638,-20.438393,41.009066
1288,33.6468824638,-20.438393,51.009066
1289,43.6468824638,-20.438393,-6.66906
1290,43.6468824638,-20.438393,3.33094
1291,43.6468824638,-20.438393,13.33094
1292,43.6468824638,-20.438393,23.33094
1293,43.6468824638,-20.438393,33.33094
1294,43.6468824638,-20.438393,43.33094
1295,53.6468824638,-20.438393,-16.239204
1296,53.6468824638,-20.438393,-6.239204
1297,53.6468824638,-20.438393,3.760796
1298,53.6468824638,-20.438393,13.760796
1299,53.6468824638,-20.438393,23.760796
1300,3.5364726018,-28.938393,50.112449
1301,13.5364726018,-28.938393,17.871272
1302,13.5364726018,-28.938393,27.871272
1303,13.5364726018,-28.938393,37.871272
1304,13.5364726018,-28.938393,47.871272
1305,13.5364726018,-28.938393,57.871272
1306,23.5364726018,-28.938393,-0.024445
1307,23.5364726018,-28.938393,9.975555
1308,23.5364726018,-28.938393,19.975555
1309,23.5364726018,-28.938393,29.975555
1310,23.5364726018,-28.938393,39.975555
1311,23.5364726018,-28.938393,49.975555
1312,33.5364726018,-28.938393,-4.789019
1313,33.5364726018,-28.938393,5.210981
1314,33.5364726018,-28.938393,15.210981
1315,33.5364726018,-28.938393,25.210981
1316,33.5364726018,-28.938393,35.210981
1317,33.5364726018,-28.938393,45.210981
1318,43.5364726018,-28.938393,-15.032782
1319,43.5364726018,-28.938393,-5.032782
1320,43.5364726018,-28.938393,4.967218
1321,43.5364726018,-28.938393,14.967218
1322,43.5364726018,-28.938393,24.967218
1323,43.5364726018,-28.938393,34.967218
1324,53.5364726018,-28.938393,-5.606106
1325,53.5364726018,-28.938393,4.393894
1326,53.5364726018,-28.938393,14.393894
1327,53.5364726018,-28.938393,24.393894
1328,14.1092591441,-37.938393,9.183683
1329,14.1092591441,-37.938393,19.183683
1330,14.1092591441,-37.938393,29.183683
1331,14.1092591441,-37.938393,39.183683
1332,14.1092591441,-37.938393,49.183683
1333,14.1092591441,-37.938393,59.183683
1334,24.1092591441,-37.938393,2.464489
1335,24.1092591441,-37.938393,12.464489
1336,24.1092591441,-37.938393,22.464489
1337,24.1092591441,-37.938393,32.464489
1338,24.1092591441,-37.938393,42.464489
1339,24.1092591441,-37.938393,52.464489
1340,34.1092591441,-37.938393,-12.156004
1341,34.1092591441,-37.938393,-2.156004
1342,34.1092591441,-37.938393,7.843996
1343,34.1092591441,-37.938393,17.843996
1344,34.1092591441,-37.938393,27.843996
1345,34.1092591441,-37.938393,37.843996
1346,34.1092591441,-37.938393,47.843996
1347,44.1092591441,-37.938393,-14.343908
1348,44.1092591441,-37.938393,-4.343908
1349,44.1092591441,-37.938393,5.656092
1350,44.1092591441,-37.938393,15.656092
1351,44.1092591441,-37.938393,25.656092
1352,44.1092591441,-37.938393,35.656092
1353,54.1092591441,-37.938393,-8.412643
1354,54.1092591441,-37.938393,1.587357
1355,14.4528698031,-46.938393,20.164396
1356,14.4528698031,-46.938393,40.164396
1357,14.4528698031,-46.938393,50.164396
1358,14.4528698031,-46.938393,60.164396
1359,24.4528698031,-46.938393,3.743343
1360,24.4528698031,-46.938393,13.743343
1361,24.4528698031,-46.938393,33.743343
1362,24.4528698031,-46.938393,43.743343
1363,24.4528698031,-46.938393,53.743343
1364,34.4528698031,-46.938393,-0.741684
1365,34.4528698031,-46.938393,9.258316
1366,34.4528698031,-46.938393,19.258316
1367,34.4528698031,-46.938393,29.258316
1368,34.4528698031,-46.938393,39.258316
1369,44.4528698031,-46.938393,-3.399311
1370,44.4528698031,-46.938393,6.600689
1371,44.4528698031,-46.938393,16.600689
1372,44.4528698031,-46.938393,26.600689
1373,44.4528698031,-46.938393,36.600689
1374,54.4528698031,-46.938393,4.368017
1375,13.9954644326,-55.938393,10.075097
1376,13.9954644326,-55.938393,20.075097
1377,13.9954644326,-55.938393,30.075097
1378,13.9954644326,-55.938393,40.075097
1379,13.9954644326,-55.938393,50.075097
1380,23.9954644326,-55.938393,3.779739
1381,23.9954644326,-55.938393,13.779739
1382,23.9954644326,-55.938393,23.779739
1383,23.9954644326,-55.938393,33.779739
1384,23.9954644326,-55.938393,43.779739
1385,23.9954644326,-55.938393,53.779739
1386,33.9954644326,-55.938393,0.799982
1387,33.9954644326,-55.938393,10.799982
1388,33.9954644326,-55.938393,20.799982
1389,33.9954644326,-55.938393,30.799982
1390,33.9954644326,-55.938393,40.799982
1391,43.9954644326,-55.938393,-10.811113
1392,43.9954644326,-55.938393,-0.811113
1393,43.9954644326,-55.938393,9.188887
1394,43.9954644326,-55.938393,19.188887
1395,43.9954644326,-55.938393,29.188887
1396,53.9954644326,-55.938393,-2.608995
1397,14.3826046692,-63.938393,6.994459
1398,14.3826046692,-63.938393,26.994459
1399,14.3826046692,-63.938393,36.994459
1400,14.3826046692,-63.938393,46.994459
1401,24.3826046692,-63.938393,4.834452
1402,24.3826046692,-63.938393,14.834452
1403,24.3826046692,-63.938393,34.834452
1404,24.3826046692,-63.938393,44.834452
1405,34.3826046692,-63.938393,0.680231
1406,34.3826046692,-63.938393,10.680231
1407,34.3826046692,-63.938393,20.680231
1408,34.3826046692,-63.938393,30.680231
1409,34.3826046692,-63.938393,40.680231
1410,44.3826046692,-63.938393,2.435802
1411,15.2131266512,-71.438393,3.140219
1412,15.2131266512,-71.438393,13.140219
1413,15.2131266512,-71.438393,23.140219
1414,15.2131266512,-71.438393,33.140219
1415,15.2131266512,-71.438393,43.140219
1416,25.2131266512,-71.438393,-8.407848
1417,25.2131266512,-71.438393,1.592152
1418,25.2131266512,-71.438393,11.592152
1419,25.2131266512,-71.438393,21.592152
1420,25.2131266512,-71.438393,31.592152
1421,25.2131266512,-71.438393,41.592152
1422,35.2131266512,-71.438393,-8.086021
1423,35.2131266512,-71.438393,1.913979
1424,35.2131266512,-71.438393,21.913979
1425,35.2131266512,-71.438393,31.913979
1426,15.7133169921,-78.938393,3.245754
1427,15.7133169921,-78.938393,13.245754
1428,15.7133169921,-78.938393,23.245754
1429,15.7133169921,-78.938393,33.245754
1430,25.7133169921,-78.938393,-7.324265
1431,25.7133169921,-78.938393,2.675735
1432,25.7133169921,-78.938393,12.675735
1433,25.7133169921,-78.938393,22.675735
1434,35.7133169921,-78.938393,-9.314693
1435,17.3023428473,-86.438393,0.957962
1436,17.3023428473,-86.438393,10.957962
1437,17.3023428473,-86.438393,20.957962
1438,27.3023428473,-86.438393,-0.035355
1439,21.7786448841,-91.938393,-9.437057
1440,21.7786448841,-91.938393,0.562943
